{
    "il_kan_kan88_1000": {
        "id": "il_kan_kan88_1000",
        "name": "מדונה - השנים הראשונות",
        "link": "https://www.kan.org.il/content/kan/podcasts/kan88/madonna/",
        "type": "series",
        "subtype": "8",
        "meta": {
            "id": "il_kan_kan88_1000",
            "type": "series",
            "name": "מדונה - השנים הראשונות",
            "link": "https://www.kan.org.il/content/kan/podcasts/kan88/madonna/",
            "background": "https://www.kan.org.il/media/qrxp3tpl/rss_kan88-מדונה-1.jpg",
            "poster": "https://www.kan.org.il/media/qrxp3tpl/rss_kan88-מדונה-1.jpg",
            "posterShape": "poster",
            "logo": "https://www.kan.org.il/media/qrxp3tpl/rss_kan88-מדונה-1.jpg",
            "description": "היא פרצה דרך, שברה מוסכמות, הפכה לזמרת הכי מצליחה בעולם ומשמשת מודל לדוגמה לעשרות אמניות היום - אבל איך מדונה הפכה למדונה שאנחנו מכירים היום? ההסכת שצולל לתחילת דרכה של מלכת הפופ. עם תומר מיכלזון",
            "genres": [
                "music",
                "מוסיקה"
            ],
            "videos": [
                {
                    "id": "il_kan_kan88_1000:1:4",
                    "name": "מדונה - השנים הראשונות | פרק 4 - מבריק וחדש",
                    "season": "1",
                    "episode": 4,
                    "description": "עם אלבום חדש ונפיץ בקנה, קליפים מלאי סטייל והצהרת כוונות רצינית על כיבוש העולם - 1984 היתה שנת הפריצה הגדולה של מדונה. וכל זה קרה בעקבות הופעה אחת ששינתה את עולם הפופ לתמיד",
                    "thumbnail": "https://www.kan.org.il/media/qrxp3tpl/rss_kan88-מדונה-1.jpg",
                    "episodeLink": "https://www.kan.org.il/content/kan/podcasts/kan88/madonna/886976/",
                    "released": "2025-04-23T00:00:00.000Z"
                },
                {
                    "id": "il_kan_kan88_1000:1:3",
                    "name": "מדונה - השנים הראשונות | פרק 3 - כמעט מפורסמת",
                    "season": "1",
                    "episode": 3,
                    "description": "ב-1982 המועדונים בניו יורק היו לא רק המקום שמדונה יוצאת אליהם כדי לרקוד, להכיר חברים ולקבל השראה - אלא גם כדי להזניק את הקריירה שלה. עם צאת האלבום הראשון שלה בקיץ של 1983, ועלייתו של ערוץ חדש מדונה התחילה לטפס לאט לאט במצעדים.",
                    "thumbnail": "https://www.kan.org.il/media/qrxp3tpl/rss_kan88-מדונה-1.jpg",
                    "episodeLink": "https://www.kan.org.il/content/kan/podcasts/kan88/madonna/880771/",
                    "released": "2025-04-09T00:00:00.000Z"
                },
                {
                    "id": "il_kan_kan88_1000:1:2",
                    "name": "מדונה - השנים הראשונות | פרק 2 - אין דרך חזרה",
                    "season": "1",
                    "episode": 2,
                    "description": "נערה צעירה בת 19 מגיעה לבד לניו יורק המפחידה בסוף שנות ה-70, עם מעט מאוד כסף וחלומות גדולים. החוויות הקשות שתעבור בדרך, יגרמו לה כמעט להישבר, אבל גם להבין טוב יותר מה היא רוצה לעשות ואיך.",
                    "thumbnail": "https://www.kan.org.il/media/qrxp3tpl/rss_kan88-מדונה-1.jpg",
                    "episodeLink": "https://www.kan.org.il/content/kan/podcasts/kan88/madonna/878094/",
                    "released": "2025-04-02T00:00:00.000Z"
                },
                {
                    "id": "il_kan_kan88_1000:1:1",
                    "name": "מדונה - השנים הראשונות | פרק 1 - אבא אל תטיף",
                    "season": "1",
                    "episode": 1,
                    "description": "לפני שהפכה למדונה – מלכת הפופ, אייקון תרבותי ואחת הנשים המשפיעות בתולדות המוזיקה – היא הייתה פשוט נוני הקטנה, ילדה חכמה מבית קתולי אדוק.  אבל כשהייתה בת 5 הכל השתנה.",
                    "thumbnail": "https://www.kan.org.il/media/qrxp3tpl/rss_kan88-מדונה-1.jpg",
                    "episodeLink": "https://www.kan.org.il/content/kan/podcasts/kan88/madonna/874174/",
                    "released": "2025-03-26T00:00:00.000Z"
                }
            ]
        }
    },
    "il_kan_kan88_1001": {
        "id": "il_kan_kan88_1001",
        "name": "קורט קוביין",
        "link": "https://www.kan.org.il/content/kan/podcasts/kan88/kurt-cobain/",
        "type": "series",
        "subtype": "8",
        "meta": {
            "id": "il_kan_kan88_1001",
            "type": "series",
            "name": "קורט קוביין",
            "link": "https://www.kan.org.il/content/kan/podcasts/kan88/kurt-cobain/",
            "background": "https://www.kan.org.il/media/folmq4ua/special_קוביין-1000_1000.jpg",
            "poster": "https://www.kan.org.il/media/folmq4ua/special_קוביין-1000_1000.jpg",
            "posterShape": "poster",
            "logo": "https://www.kan.org.il/media/folmq4ua/special_קוביין-1000_1000.jpg",
            "description": "אייקון תרבות או אנטי גיבור? נער פוסטר או ביישן מיוסר? ב-27 שנותיו, נדמה שכל תואר אפשרי הולבש על סולן ומנהיג נירוונה. במלאת 30 שנה למותו, ההסכת \"קוביין\" צולל עמוק לסיפור",
            "genres": [
                "music",
                "מוסיקה"
            ],
            "videos": [
                {
                    "id": "il_kan_kan88_1001:1:6",
                    "name": "קוביין | פרק 6 - להישרף או לדעוך",
                    "season": "1",
                    "episode": 6,
                    "description": "את אקורד הסיום הדרמטי והטראגי של קורט קוביין כולנו מכירים. הוא צייר אותו כדמות מיתית, כוכב שבער בלהט ונשרף בלהבות במקום לדעוך לאטו, כמאמר הציטוט של ניל יאנג המופיע במכתב ההתאבדות המפורסם שלו. אלא שהסיפור המלא הרבה פחות פוטוגני והרבה יותר כואב. בפרק השישי והאחרון בהסכת שלנו, נלווה את קורט בתקופת חייו האחרונה - מההשראה המפתיעה למופע האנפלגד, דרך ניסיונות הגמילה ועד לפרידה הסופית",
                    "thumbnail": "https://www.kan.org.il/media/folmq4ua/special_קוביין-1000_1000.jpg",
                    "episodeLink": "https://www.kan.org.il/content/kan/podcasts/kan88/kurt-cobain/781754/",
                    "released": "2024-08-07T00:00:00.000Z"
                },
                {
                    "id": "il_kan_kan88_1001:1:5",
                    "name": "קוביין | פרק 5 - כל ההתנצלויות",
                    "season": "1",
                    "episode": 5,
                    "description": "אחרי ההצלחה של נוורמיינד ופריחת הסצנה של סיאטל, קורט מרגיש שהוא חייב לברוח ולהתרחק. שני דברים עזרו לו לעשות את זה - קורטני לאב, והרואין. בתוך שיא התהילה ושיא ההתמכרות שלו, הוא מתחתן, מסתבך עם התקשורת והחוק, נכשל בניסיון גמילה וגם הופך לאבא. גם הפעם, המוזיקה נשארה הדבר היציב היחיד בחיים שלו. אבל עכשיו, נראה שגם זה עלול לא להספיק",
                    "thumbnail": "https://www.kan.org.il/media/folmq4ua/special_קוביין-1000_1000.jpg",
                    "episodeLink": "https://www.kan.org.il/content/kan/podcasts/kan88/kurt-cobain/775498/",
                    "released": "2024-07-31T00:00:00.000Z"
                },
                {
                    "id": "il_kan_kan88_1001:1:4",
                    "name": "קוביין | פרק 4 - בוא כמו שאתה",
                    "season": "1",
                    "episode": 4,
                    "description": "נירוונה מוצאת את המתופף הנכון וקורט פוגש את קורטני. הלהקה מדרימה ללוס אנג'לס להקליט את \"נוורמיינד\", האלבום ששינה את המוזיקה לנצח, וגם את החיים של חבריה. בדרך לשיא התהילה - קוביין, שחלם להיות מפורסם, מתחיל להבין מקרוב את הפתגם המפורסם: \"היזהר ממה שאתה מבקש\"",
                    "thumbnail": "https://www.kan.org.il/media/folmq4ua/special_קוביין-1000_1000.jpg",
                    "episodeLink": "https://www.kan.org.il/content/kan/podcasts/kan88/kurt-cobain/775490/",
                    "released": "2024-07-24T00:00:00.000Z"
                },
                {
                    "id": "il_kan_kan88_1001:1:3",
                    "name": "קוביין | פרק 3 - חטאו את המחטים",
                    "season": "1",
                    "episode": 3,
                    "description": "לקורט קוביין וקריסט נובוסליץ' יש להקה. ללהקה עוד אין שם וגם אין מתופף קבוע, אבל זה מספיק להם בשביל לעזוב את אברדין ולהתחיל לחלום בגדול. הם מגיעים לסצנה המתהווה של סיאטל בדיוק בזמן הנכון. עם החברים החדשים, האולפן המלוכלך והלייבל הנכון מאחוריהם - נירוונה מוציאים את אלבום הבכורה שלהם ומתחילים סוף סוף לצבור קהל קטן של מעריצים. אבל גם אז קוביין לא מוצא נחת",
                    "thumbnail": "https://www.kan.org.il/media/folmq4ua/special_קוביין-1000_1000.jpg",
                    "episodeLink": "https://www.kan.org.il/content/kan/podcasts/kan88/kurt-cobain/773775/",
                    "released": "2024-07-17T00:00:00.000Z"
                },
                {
                    "id": "il_kan_kan88_1001:1:2",
                    "name": "קוביין | פרק 2 - משהו בדרך",
                    "season": "1",
                    "episode": 2,
                    "description": "כשקורט קוביין גילה את הפאנק, הוא גם גילה את הייעוד שלו בחיים. בדרך לממש אותו, הוא ינשור מהתיכון, יתמסטל מתחת לגשר ויריב עם כל העולם. אבל דווקא כשהוא הרגיש הכי לבד, קורט הכיר בחור אאוטסיידר ומשונה כמוהו עם חיבה משותפת לתקליטי פאנק. ביחד, הם מחליטים להקים להקה.",
                    "thumbnail": "https://www.kan.org.il/media/folmq4ua/special_קוביין-1000_1000.jpg",
                    "episodeLink": "https://www.kan.org.il/content/kan/podcasts/kan88/kurt-cobain/770454/",
                    "released": "2024-07-10T00:00:00.000Z"
                },
                {
                    "id": "il_kan_kan88_1001:1:1",
                    "name": "קוביין | פרק 1 - רוח נעורים",
                    "season": "1",
                    "episode": 1,
                    "description": "הרבה לפני שהפך לכוכב ענק, קורט קוביין היה ילד מלא אנרגיה וממגנט, שהגיע מבית שבור. דווקא אז, מתוך ההזנחה בבית והשממה התרבותית של פרברי וושינגטון - מגיעה נקודת מפנה. התגלות רוחנית בחניון של סופרמרקט",
                    "thumbnail": "https://www.kan.org.il/media/folmq4ua/special_קוביין-1000_1000.jpg",
                    "episodeLink": "https://www.kan.org.il/content/kan/podcasts/kan88/kurt-cobain/748390/",
                    "released": "2024-07-03T00:00:00.000Z"
                }
            ]
        }
    },
    "il_kan_kan88_1002": {
        "id": "il_kan_kan88_1002",
        "name": "אריק איינשטיין - רגל פה רגל שם",
        "link": "https://www.kan.org.il/content/kan/podcasts/kan88/arik-einstein/",
        "type": "series",
        "subtype": "8",
        "meta": {
            "id": "il_kan_kan88_1002",
            "type": "series",
            "name": "אריק איינשטיין - רגל פה רגל שם",
            "link": "https://www.kan.org.il/content/kan/podcasts/kan88/arik-einstein/",
            "background": "https://www.kan.org.il/media/e5ejub4z/logo_אריק.jpg",
            "poster": "https://www.kan.org.il/media/e5ejub4z/logo_אריק.jpg",
            "posterShape": "poster",
            "logo": "https://www.kan.org.il/media/e5ejub4z/logo_אריק.jpg",
            "description": "ההסכת \"אריק - רגל פה רגל שם\" יבחן את דמותו של אריק איינשטיין, בניסיון להבין איך החיים השפיעו על היצירה ולהפך",
            "genres": [
                "music",
                "מוסיקה"
            ],
            "videos": [
                {
                    "id": "il_kan_kan88_1002:1:4",
                    "name": "אריק - רגל פה, רגל שם | פרק 4 - תוף בודד",
                    "season": "1",
                    "episode": 4,
                    "description": "אריק איינשטיין יצר מהפכה בתרבות הישראלית. הוא היה אחד האנשים שיצרו כאן שפה מוזיקלית חדשה, נטולת לאומיות, אישית ואינטימית, עם שירים שהפכו חלק בלתי נפרד מפסקול החיים של כולנו. אבל אז משהו השתבש. אריק רצה להמשיך ולהשמיע קול, אבל התרבות שהמליכה אותו והפכה אותו לסמל הישראליות, התחילה להתרחק ממנו, והוא ממנה.",
                    "thumbnail": "https://www.kan.org.il/media/e5ejub4z/logo_אריק.jpg",
                    "episodeLink": "https://www.kan.org.il/content/kan/podcasts/kan88/arik-einstein/656846/",
                    "released": "2023-12-17T00:00:00.000Z"
                },
                {
                    "id": "il_kan_kan88_1002:1:3",
                    "name": "אריק - רגל פה, רגל שם | פרק 3 - טירוף במה",
                    "season": "1",
                    "episode": 3,
                    "description": "אריק איינשטיין הופיע מגיל 18 על כל במה אפשרית. שוב ושוב, עוד ועוד, עד שנמאס לו. בגיל 42 הוא הפסיק להופיע, והתכנס אל עצמו, הכתיבה והמשפחה. אלא שאז נכנסו לעולם שלו חברים חדשים שהחזירו אותו אל עצמו כשחקן. לקראת גיל 50 אריק המציא את עצמו מחדש, עם מערכונים וקלטת ילדים שהפכו אותו לאגדה ומשכו אליו קהלים חדשים.",
                    "thumbnail": "https://www.kan.org.il/media/e5ejub4z/logo_אריק.jpg",
                    "episodeLink": "https://www.kan.org.il/content/kan/podcasts/kan88/arik-einstein/648824/",
                    "released": "2023-12-10T00:00:00.000Z"
                },
                {
                    "id": "il_kan_kan88_1002:1:2",
                    "name": "אריק - רגל פה, רגל שם | פרק 2 - הגבוה שמפריע",
                    "season": "1",
                    "episode": 2,
                    "description": "בגיל 24 אריק איינשטיין היה כוכב ענק, זמר נערץ ושחקן מבוקש. אבל זה לא הספיק לו. הוא רצה משהו אחר. להשתחרר מהחוקים והמוסכמות ולברוא לעצמו עולם יצירתי חדש. בפרק נתאר את התהליך שבו אריק יוצא מפס הייצור של תעשיית המוזיקה והופך לזמר-יוצר שמטפח כשרונות, אוסף שותפים, מקים חברת הפקות ומעצב את העולם היצירתי שלו.",
                    "thumbnail": "https://www.kan.org.il/media/e5ejub4z/logo_אריק.jpg",
                    "episodeLink": "https://www.kan.org.il/content/kan/podcasts/kan88/arik-einstein/637246/",
                    "released": "2023-12-03T00:00:00.000Z"
                },
                {
                    "id": "il_kan_kan88_1002:1:1",
                    "name": "אריק - רגל פה, רגל שם | פרק 1 - תל אביב, גדות הירקון",
                    "season": "1",
                    "episode": 1,
                    "description": "אריק איינשטיין הוא אחת הדמויות הכי מזוהות עם תל אביב. ילד שנולד ברחוב גורדון להורים ממעמד הפועלים, חלוצי העלייה הרביעית. בילדותו אריק התמודד עם שני תהליכים מקבילים - ההתפתחות המהירה של תל אביב לכדי כרך אורבני מצד אחד, והטיולים ברחבי ארץ ישראל עם תנועת השומר הצעיר. למרות החיבור החזק שלו לעיר, היתה באריק אהבה כמעט רומנטית לנופים של ארץ ישראל.",
                    "thumbnail": "https://www.kan.org.il/media/e5ejub4z/logo_אריק.jpg",
                    "episodeLink": "https://www.kan.org.il/content/kan/podcasts/kan88/arik-einstein/617854/",
                    "released": "2023-11-25T00:00:00.000Z"
                }
            ]
        }
    },
    "il_kan_kan88_1003": {
        "id": "il_kan_kan88_1003",
        "name": "פינק פלויד - הצד האפל של הירח",
        "link": "https://www.kan.org.il/content/kan/podcasts/kan88/pink-floyd-dark-side-of-the-moon/",
        "type": "series",
        "subtype": "8",
        "meta": {
            "id": "il_kan_kan88_1003",
            "type": "series",
            "name": "פינק פלויד - הצד האפל של הירח",
            "link": "https://www.kan.org.il/content/kan/podcasts/kan88/pink-floyd-dark-side-of-the-moon/",
            "background": "https://www.kan.org.il/media/nnqcggr1/rss_kan-podcasts-logo.jpg",
            "poster": "https://www.kan.org.il/media/nnqcggr1/rss_kan-podcasts-logo.jpg",
            "posterShape": "poster",
            "logo": "https://www.kan.org.il/media/nnqcggr1/rss_kan-podcasts-logo.jpg",
            "description": "במלאת 50 שנה לצד האפל של הירח, תומר מולוידזון וגיל מטוס חוזרים אל הסיפור מאחורי אחד מאלבומי הרוק הגדולים והנמכרים בכל הזמנים, ואל הדרך הארוכה שפינק פלויד עשתה אליו – מלהקת שוליים אל לב המיינסטרים",
            "genres": [
                "music",
                "מוסיקה"
            ],
            "videos": [
                {
                    "id": "il_kan_kan88_1003:1:5",
                    "name": "פינק פלויד - הצד האפל של הירח | פרק 5 - כסף: אפילוג",
                    "season": "1",
                    "episode": 5,
                    "description": "איזה שיר נסתר אפשר לשמוע בסוף של דארק סייד ומה קורה כשמנגנים את האלבום במקביל לסרט הקוסם מארץ עוץ? מדוע הלוגו החדש של פינק פלויד עצבן מעריצים ברחבי העולם? מי מחברי הלהקה הקליט את האלבום מחדש? ומדוע האלבום שנשאר 15 שנה במצעדי המכירות והפך לאחד האלבומים הנמכרים בכל הזמנים, הוא גם האלבום שעתיד לחסל פינק פלויד?",
                    "thumbnail": "https://www.kan.org.il/media/ljjpostz/logo.jpg",
                    "episodeLink": "https://www.kan.org.il/content/kan/podcasts/kan88/pink-floyd-dark-side-of-the-moon/505371/",
                    "released": "2023-08-30T00:00:00.000Z"
                },
                {
                    "id": "il_kan_kan88_1003:1:4",
                    "name": "פינק פלויד - הצד האפל של הירח | פרק 4 - ליקוי חמה",
                    "season": "1",
                    "episode": 4,
                    "description": "אחרי כמה חודשים שבהם פינק פלויד ניגנו את דארק סייד בהופעות הגיע הזמן להיכנס לאולפני אבי רוד להקליט את האלבום. יוצאים למסע מוזיקלי עם הסיפורים מאחורי השירים באלבום. מסע בין שלבי החיים - מהנשימות הראשונות של אוויר העולם ועד שהחיים מסתיימים בליקוי חמה.",
                    "thumbnail": "https://www.kan.org.il/media/ljjpostz/logo.jpg",
                    "episodeLink": "https://www.kan.org.il/content/kan/podcasts/kan88/pink-floyd-dark-side-of-the-moon/500038/",
                    "released": "2023-08-29T00:00:00.000Z"
                },
                {
                    "id": "il_kan_kan88_1003:1:3",
                    "name": "פינק פלויד - הצד האפל של הירח | פרק 3 - לנשום",
                    "season": "1",
                    "episode": 3,
                    "description": "רגע לפני העשור הרביעי בחייו, רוג'ר ווטרס רצה להתנתק מהתדמית של פינק פלויד כלהקת ספייס רוק.\nבפגישה במטבח בביתו של המתופף ניק מייסון הוא הציג לחברי הלהקה את הרעיון החדש שלו - אלבום קונספט שיעסוק בלחצים ובחרדות בעולם המודרני. השירים החדשים נכתבו תוך זמן קצר ובתוך סיבוב הופעות שנועד בכלל לקדם את האלבום Meddle, פינק פלויד כבר התחילה לנגן את האלבום החדש שלה במלואו - יותר משנה לפני שהוא הגיע לחנויות.",
                    "thumbnail": "https://www.kan.org.il/media/ljjpostz/logo.jpg",
                    "episodeLink": "https://www.kan.org.il/content/kan/podcasts/kan88/pink-floyd-dark-side-of-the-moon/491282/",
                    "released": "2023-08-22T00:00:00.000Z"
                },
                {
                    "id": "il_kan_kan88_1003:1:2",
                    "name": "פינק פלויד - הצד האפל של הירח | פרק 2 - במנוסה",
                    "season": "1",
                    "episode": 2,
                    "description": "אף אחד בסביבה של פינק פלויד לא האמין שהיא תצליח לשרוד ללא סיד בארט, אבל רוג'ר ווטרס, האדריכל, התחיל לקחת את הפיקוד והלהקה יצאה למסע של חיפוש מוזיקלי. הם התנסו בכתיבת מוזיקה לסרטים, שרפו מאות שעות באולפנים על אלתורים וניסויים בסאונד והתנסו במייצגים ויזואליים על הבמה. תו אחד פרץ את הסכר והוביל את פינק פלויד לכתוב את אחת היצירות הגדולות שלהם - זו שתוביל את דייוויד גילמור למרכז הבמה.",
                    "thumbnail": "https://www.kan.org.il/media/ljjpostz/logo.jpg",
                    "episodeLink": "https://www.kan.org.il/content/kan/podcasts/kan88/pink-floyd-dark-side-of-the-moon/486344/",
                    "released": "2023-08-15T00:00:00.000Z"
                },
                {
                    "id": "il_kan_kan88_1003:1:1",
                    "name": "פינק פלויד - הצד האפל של הירח | פרק 1 - אנחנו והם",
                    "season": "1",
                    "episode": 1,
                    "description": "לפני שהפכה לאחת מלהקות הרוק הגדולות והמצליחות בעולם ולפני שרוג'ר ווטרס ודיוויד גילמור לקחו את המושכות לידיים, פינק פלויד הייתה הטריפ של סיד בארט. הוא היה האיש והחזון, הכוח היצירתי שהוביל את הלהקה בתחילת דרכה. אבל אחרי אלבום אחד בלבד הכל השתנה - מצבו הנפשי של בארט התדרדר וחבריו נאלצו לקבל החלטה כואבת - החלטה שתלווה אותם לאורך כל הקריירה ותעצב את המוזיקה של פינק פלויד בשנים הבאות",
                    "thumbnail": "https://www.kan.org.il/media/ljjpostz/logo.jpg",
                    "episodeLink": "https://www.kan.org.il/content/kan/podcasts/kan88/pink-floyd-dark-side-of-the-moon/476894/",
                    "released": "2023-08-08T00:00:00.000Z"
                }
            ]
        }
    },
    "il_kan_kan88_1004": {
        "id": "il_kan_kan88_1004",
        "name": "רדיוהד - תפסיקו את הרעש",
        "link": "https://www.kan.org.il/content/kan/podcasts/kan88/רדיוהד/",
        "type": "series",
        "subtype": "8",
        "meta": {
            "id": "il_kan_kan88_1004",
            "type": "series",
            "name": "רדיוהד - תפסיקו את הרעש",
            "link": "https://www.kan.org.il/content/kan/podcasts/kan88/רדיוהד/",
            "background": "https://www.kan.org.il/media/gwjdr5vn/rss.png",
            "poster": "https://www.kan.org.il/media/gwjdr5vn/rss.png",
            "posterShape": "poster",
            "logo": "https://www.kan.org.il/media/gwjdr5vn/rss.png",
            "description": "מהלהיט הגדול הראשון של רדיוהד ועד אלבומי המופת שעיצבו את הקריירה שלהם. עם ניר גורלי",
            "genres": [
                "music",
                "מוסיקה"
            ],
            "videos": [
                {
                    "id": "il_kan_kan88_1004:1:5",
                    "name": "רדיוהד | פרק בונוס: יואב קוטנר והסיפור הישראלי",
                    "season": "1",
                    "episode": 5,
                    "description": "יואב קוטנר משוחח עם ניר גורלי על ההכרות המוקדמת עם רדיוהד, הזווית המקומית וההופעות בישראל. פרק בונוס במיני סדרה \"תפסיקו את הרעש\" על השנים הראשונות של רדיוהד",
                    "thumbnail": "https://www.kan.org.il/media/zz0ny5a2/cat30547_img50284702.jpg",
                    "episodeLink": "https://www.kan.org.il/content/kan/podcasts/kan88/רדיוהד/15326/",
                    "released": "2023-03-08T00:00:00.000Z"
                },
                {
                    "id": "il_kan_kan88_1004:1:4",
                    "name": "רדיוהד | תפסיקו את הרעש: פרק 4",
                    "season": "1",
                    "episode": 4,
                    "description": "אחרי ההצלחה הגדולה של אוקי קומפיוטר רדיוהד שוב מצאה את עצמה במצוקה. ממנה הם הצליחו ליצור את אחד האלבומים הכי משפיעים שלהם ולהפוך ללהקה שאנחנו מכירים ואוהבים עד היום. פרק אחרון במיני סדרה",
                    "thumbnail": "https://www.kan.org.il/media/ryll5x5c/cat30532_img7554416.jpg",
                    "episodeLink": "https://www.kan.org.il/content/kan/podcasts/kan88/רדיוהד/15451/",
                    "released": "2023-03-05T00:00:00.000Z"
                },
                {
                    "id": "il_kan_kan88_1004:1:3",
                    "name": "רדיוהד | תפסיקו את הרעש: פרק 3",
                    "season": "1",
                    "episode": 3,
                    "description": "אחרי ההצלחה הגדולה של The Bends רדיוהד אספו את טכנאי ההקלטות שהכירו באולפן, מצאו אחוזה בכפר - והקליטו את יצירת המופת שלהם",
                    "thumbnail": "https://www.kan.org.il/media/0xectkts/cat30505_img934131877.jpg",
                    "episodeLink": "https://www.kan.org.il/content/kan/podcasts/kan88/רדיוהד/15568/",
                    "released": "2023-03-01T00:00:00.000Z"
                },
                {
                    "id": "il_kan_kan88_1004:1:2",
                    "name": "רדיוהד | תפסיקו את הרעש: פרק 2",
                    "season": "1",
                    "episode": 2,
                    "description": "אחרי ההצלחה הענקית של Creep רדיוהד הלכו לאיבוד. החיפושים אחר הקול האמנותי שלהם הובילו אותם לדרך חדשה ולאלבום הגדול הראשון שלהם",
                    "thumbnail": "https://www.kan.org.il/media/tcjbqdom/cat30448_img589991319.jpg",
                    "episodeLink": "https://www.kan.org.il/content/kan/podcasts/kan88/רדיוהד/15692/",
                    "released": "2023-02-26T00:00:00.000Z"
                },
                {
                    "id": "il_kan_kan88_1004:1:1",
                    "name": "רדיוהד | תפסיקו את הרעש: פרק 1",
                    "season": "1",
                    "episode": 1,
                    "description": "חמישה נערים מאוקספורד מקימים להקת רוק. כשהם מצליחים לפרוץ בענק הם שואלים את עצמם: זו ברכה או קללה? פרק ראשון מתוך מיני סדרה חדשה שעוקבת אחרי רדיוהד מהלהיט הגדול ועד אלבומי המופת שעיצבו את הקריירה שלהם - ואת פני המוזיקה",
                    "thumbnail": "https://www.kan.org.il/media/aqfjgsxa/cat30409_img458636976.jpg",
                    "episodeLink": "https://www.kan.org.il/content/kan/podcasts/kan88/רדיוהד/15807/",
                    "released": "2023-02-22T00:00:00.000Z"
                }
            ]
        }
    },
    "il_kan_kan88_1005": {
        "id": "il_kan_kan88_1005",
        "name": "Dr. Dre",
        "link": "https://www.kan.org.il/content/kan/podcasts/kan88/דר-דרה-כרוניקות/",
        "type": "series",
        "subtype": "8",
        "meta": {
            "id": "il_kan_kan88_1005",
            "type": "series",
            "name": "Dr. Dre",
            "link": "https://www.kan.org.il/content/kan/podcasts/kan88/דר-דרה-כרוניקות/",
            "background": "https://www.kan.org.il/media/trfodm1k/rss_kan88_דר-דרה.jpg",
            "poster": "https://www.kan.org.il/media/trfodm1k/rss_kan88_דר-דרה.jpg",
            "posterShape": "poster",
            "logo": "https://www.kan.org.il/media/trfodm1k/rss_kan88_דר-דרה.jpg",
            "description": "מהרחובות של לוס אנג'לס ועד הבמות הגדולות בעולם: כך ההיפ הופ הפך למה שהוא כיום דרך הסיפור של ד\"ר דרה. עם נוגה קליין",
            "genres": [
                "music",
                "מוסיקה"
            ],
            "videos": [
                {
                    "id": "il_kan_kan88_1005:1:5",
                    "name": "ד\"ר דרה - כרוניקות | פרק 5 - הפרק הבא",
                    "season": "1",
                    "episode": 5,
                    "description": "עם היציאה של The Chronic לאוויר העולם, מתברר שנקודת הסיום של סיפור אחד, היא נקודת הפתיחה של סיפור הרבה יותר רחב. בפרק האחרון של כרוניקות נצא למסע שיסביר איך האלבום הזה המשיך לעצב את עולם המוזיקה בדרכים מפתיעות. מאז - ועד היום.",
                    "thumbnail": "https://www.kan.org.il/media/lmrh35lk/cat30141_img703067745.jpg",
                    "episodeLink": "https://www.kan.org.il/content/kan/podcasts/kan88/דר-דרה-כרוניקות/15918/",
                    "released": "2023-01-31T00:00:00.000Z"
                },
                {
                    "id": "il_kan_kan88_1005:1:4",
                    "name": "ד\"ר דרה - כרוניקות | פרק 4 - הכרוניק",
                    "season": "1",
                    "episode": 4,
                    "description": "בין הבית שהוא מצא ב-Death Row Records, לוילה החדשה שלו בקליפורניה, ד\"ר דרה מקבל לראשונה מרחב לעבוד על אלבום החלומות שלו. יצירה שתגדיר באופן רשמי את סאונד הג'י-פ'אנק. בתוך מסיבה בלתי נגמרת, דרה ואוסף הכישרונות החדשים שלצידו, מתחילים לתפור בסבלנות את האלבום שלשמו נתכנסנו - The Chronic.",
                    "thumbnail": "https://www.kan.org.il/media/m54b1dmr/cat30082_img169484413.jpg",
                    "episodeLink": "https://www.kan.org.il/content/kan/podcasts/kan88/דר-דרה-כרוניקות/16029/",
                    "released": "2023-01-26T00:00:00.000Z"
                },
                {
                    "id": "il_kan_kan88_1005:1:3",
                    "name": "ד\"ר דרה - כרוניקות | פרק 3 - תיאבון להרס",
                    "season": "1",
                    "episode": 3,
                    "description": "בזמן שההצלחה של N.W.A שוברת שיאים ומעוררת מהומה, סדרת משברים אישיים בחיים של ד\"ר דרה מביאה לנקודת קיצון את הצדדים האפלים והאגרסיביים בנפש שלו. כשההרכב המצליח מתחיל להראות סימני פירוק, הצדדים האלה מכניסים לחיים של דרה דמות חדשה שתלווה את דרה לשלב הבא - דה כרוניק.",
                    "thumbnail": "https://www.kan.org.il/media/jmjcc3n4/cat30040_img932516423.jpg",
                    "episodeLink": "https://www.kan.org.il/content/kan/podcasts/kan88/דר-דרה-כרוניקות/16128/",
                    "released": "2023-01-23T00:00:00.000Z"
                },
                {
                    "id": "il_kan_kan88_1005:1:2",
                    "name": "ד\"ר דרה - כרוניקות | פרק 2 - בחורים מהשכונה",
                    "season": "1",
                    "episode": 2,
                    "description": "כשד\"ר דרה חוזר לקשר עם חבר הילדות איזי אי, המפגש ביניהם מזניק הרפתקה עסקית בדמות לייבל חדש, והרפתקה אמנותית בדמות הרכב חדש: N.W.A. יחד ההרכב יעשה היסטוריה, הרבה צרות, וגם יפיץ בעולם את בשורתו של זא'נר חדש - הגנגסטה ראפ.",
                    "thumbnail": "https://www.kan.org.il/media/egybc5gp/cat30012_img200110627.jpg",
                    "episodeLink": "https://www.kan.org.il/content/kan/podcasts/kan88/דר-דרה-כרוניקות/21387/",
                    "released": "2023-01-19T00:00:00.000Z"
                },
                {
                    "id": "il_kan_kan88_1005:1:1",
                    "name": "ד\"ר דרה - כרוניקות | פרק 1 - הישר מקומפטון",
                    "season": "1",
                    "episode": 1,
                    "description": "על רקע גל המחאות האפרו-אמריקאי בלוס אנג'לס של שנות ה-60, מגיע לעולם ילד שקט ומופנם, שמהרגע הראשון נמשך לצלילים. מסלול ההתבגרות שלו בקומפטון מפגיש אותו עם תנועה מוזיקלית חדשה שהגיעה מניו יורק: ההיפ הופ. ברגע הזה מתחיל להיכתב פרק חדש בהיסטוריית המוזיקה",
                    "thumbnail": "https://www.kan.org.il/media/slphjtg2/cat29958_img149480927.jpg",
                    "episodeLink": "https://www.kan.org.il/content/kan/podcasts/kan88/דר-דרה-כרוניקות/21443/",
                    "released": "2023-01-16T00:00:00.000Z"
                }
            ]
        }
    },
    "il_kan_kan88_1006": {
        "id": "il_kan_kan88_1006",
        "name": "David Bowie - Ziggy",
        "link": "https://www.kan.org.il/content/kan/podcasts/kan88/זיגי/",
        "type": "series",
        "subtype": "8",
        "meta": {
            "id": "il_kan_kan88_1006",
            "type": "series",
            "name": "David Bowie - Ziggy",
            "link": "https://www.kan.org.il/content/kan/podcasts/kan88/זיגי/",
            "background": "https://www.kan.org.il/media/qfmkgqd1/rss_kan88.jpg",
            "poster": "https://www.kan.org.il/media/qfmkgqd1/rss_kan88.jpg",
            "posterShape": "poster",
            "logo": "https://www.kan.org.il/media/qfmkgqd1/rss_kan88.jpg",
            "description": "50 שנה ל-זיגי סטארדט של דייוויד בואי - האלבום שעיצב מחדש את כל מה שאנחנו חושבים על מוזיקה. עם נוגה קליין וגיל מטוס",
            "genres": [
                "music",
                "מוסיקה"
            ],
            "videos": [
                {
                    "id": "il_kan_kan88_1006:1:7",
                    "name": "זיגי | פרק 5 - אבק כוכבים",
                    "season": "1",
                    "episode": 7,
                    "description": "אחרי שכבש את אנגליה, דיוויד בואי מתכונן לכבוש בעזרת זיגי גם את ארצות הברית. אבל לאט לאט מסתמן שהקווים שמפרידים בין בואי לבין האלטר אגו שלו הולכים ומטשטשים, והערבוב בין הדימיון למציאות מוביל אותו לבחירה בלתי נמנעת. בפרק הסיום זיגי סטארדאסט מביא את בואי לשיאים חדשים של הצלחה, והסוף שלו מסמל את תחילת ההשפעה האדירה של בואי על התרבות שלנו, עם אלבום שעיצב מחדש את כל מה שאנחנו חושבים על מוזיקה",
                    "thumbnail": "https://www.kan.org.il/media/1hpllffz/cat27929_img438176649.jpg",
                    "episodeLink": "https://www.kan.org.il/content/kan/podcasts/kan88/זיגי/23058/",
                    "released": "2022-07-14T00:00:00.000Z"
                },
                {
                    "id": "il_kan_kan88_1006:1:6",
                    "name": "זיגי | פרק 3 - הדרך למאדים",
                    "season": "1",
                    "episode": 6,
                    "description": "האלבום האישי והקשה The Man Who Sold the World מצליח לנקות קצת את דיוויד בואי מהקשיים הנפשיים שהוא סחב במשך תקופה. הוא גם פותח שער לתקופה חדשה של שינויים - בואי מבקר לראשונה בארצות הברית ופוגש כמה מדמויות המפתח בקריירה שלו. בעזרתן הוא מתחיל לבנות בראש רעיון חדש ומוזר - דמות של כוכב רוק מכוכב אחר",
                    "thumbnail": "https://www.kan.org.il/media/tuldudrh/cat27742_img840551140.jpg",
                    "episodeLink": "https://www.kan.org.il/content/kan/podcasts/kan88/זיגי/22454/",
                    "released": "2022-06-30T00:00:00.000Z"
                },
                {
                    "id": "il_kan_kan88_1006:1:5",
                    "name": "זיגי | פרק 3 - בונוס: האנקי דורי",
                    "season": "1",
                    "episode": 5,
                    "description": "ספיישל Hunky Dory ששודר ב-2021 במלאת 50 שנה לאלבום",
                    "thumbnail": "https://www.kan.org.il/media/k1xfmbnw/cat27743_img596698956.jpg",
                    "episodeLink": "https://www.kan.org.il/content/kan/podcasts/kan88/זיגי/23560/",
                    "released": "2022-06-29T00:00:00.000Z"
                },
                {
                    "id": "il_kan_kan88_1006:1:4",
                    "name": "זיגי | פרק 2 - חורים שחורים",
                    "season": "1",
                    "episode": 4,
                    "description": "במסע מפותל ומלא בכשלונות דיוויד ג'ונס, הנער מהפרברים המנומנמים של לונדון, הופך לדיוויד בואי. את שנות השישים הוא מבלה בחיפוש אחר הכיוון המוזיקלי שלו ואחרי הצלחה, ונופל פעם אחר פעם. את הכיוון הנכון הוא מוצא רק בסוף העשור והרחק מחוץ לגבולות כדור הארץ",
                    "thumbnail": "https://www.kan.org.il/media/nmcflbse/cat27666_img358883588.jpg",
                    "episodeLink": "https://www.kan.org.il/content/kan/podcasts/kan88/זיגי/22128/",
                    "released": "2022-06-23T00:00:00.000Z"
                },
                {
                    "id": "il_kan_kan88_1006:1:3",
                    "name": "זיגי | פרק 2 - בונוס: האיש שמכר את העולם",
                    "season": "1",
                    "episode": 3,
                    "description": "ספיישל The Man Who Sold the World ששודר ב-2021 במלאת 50 שנה לאלבום",
                    "thumbnail": "https://www.kan.org.il/media/hwhdnche/cat27669_img375488835.jpg",
                    "episodeLink": "https://www.kan.org.il/content/kan/podcasts/kan88/זיגי/23192/",
                    "released": "2022-06-22T00:00:00.000Z"
                },
                {
                    "id": "il_kan_kan88_1006:1:2",
                    "name": "זיגי | פרק 1 - האסטרונאוט",
                    "season": "1",
                    "episode": 2,
                    "description": "במסע מפותל ומלא בכשלונות דיוויד ג'ונס, הנער מהפרברים המנומנמים של לונדון, הופך לדיוויד בואי. את שנות השישים הוא מבלה בחיפוש אחר הכיוון המוזיקלי שלו ואחרי הצלחה, ונופל פעם אחר פעם. את הכיוון הנכון הוא מוצא רק בסוף העשור והרחק מחוץ לגבולות כדור הארץ",
                    "thumbnail": "https://www.kan.org.il/media/ne4ciuc1/cat27520_img89401120.jpg",
                    "episodeLink": "https://www.kan.org.il/content/kan/podcasts/kan88/זיגי/22010/",
                    "released": "2022-06-16T00:00:00.000Z"
                },
                {
                    "id": "il_kan_kan88_1006:1:1",
                    "name": "זיגי | פרק 4 - סופרנובה",
                    "season": "1",
                    "episode": 1,
                    "description": "לראשונה בקריירה שלו - הדמות של זיגי סטארדסט מעניקה לדיוויד בואי חזון אמנותי ברור וצלול. לאט לאט הוא מתחיל לחבר את כל החלקים של עצמו ואת כל ההשראות שהוא צבר לאורך הדרך לסיפור של דמות אחת: החייזר ממאדים. הסיפור שמתפתח בתוך האלבום הוא רק חלק מסיפור גדול ומלא יותר שכולל שינוי חיצוני, אסטרטגיית שיווק מתוחכמת, וחיים שלמים ופרועים שנרקמים על הבמה - ועם זיגי סטארדסט, סוף סוף, ההצלחה מגיעה",
                    "thumbnail": "https://www.kan.org.il/media/oepezmer/cat27828_img314336963.jpg",
                    "episodeLink": "https://www.kan.org.il/content/kan/podcasts/kan88/זיגי/22612/",
                    "released": "2022-06-07T00:00:00.000Z"
                }
            ]
        }
    },
    "il_kan_kan88_1007": {
        "id": "il_kan_kan88_1007",
        "name": "Jim Morrison",
        "link": "https://www.kan.org.il/content/kan/podcasts/kan88/מוריסון/",
        "type": "series",
        "subtype": "8",
        "meta": {
            "id": "il_kan_kan88_1007",
            "type": "series",
            "name": "Jim Morrison",
            "link": "https://www.kan.org.il/content/kan/podcasts/kan88/מוריסון/",
            "background": "https://www.kan.org.il/media/1r1b0hvy/rss_kan88_3.jpg",
            "poster": "https://www.kan.org.il/media/1r1b0hvy/rss_kan88_3.jpg",
            "posterShape": "poster",
            "logo": "https://www.kan.org.il/media/1r1b0hvy/rss_kan88_3.jpg",
            "description": "מלך הלטאות, סמל הסקס, השמאן, מר מוג'ו - בחייו הקצרים ג'ים מוריסון הלך עד הסוף. הוא חי כמיתוס, גיבור של טרגדיה של יוונית שהוא תחזק עד יומו האחרון, כשהצטרף למועדון ה-27. עם גיל מטוס ותומר מולוידזון",
            "genres": [
                "music",
                "מוסיקה"
            ],
            "videos": [
                {
                    "id": "il_kan_kan88_1007:1:5",
                    "name": "מוריסון | פרק 5 - מר מוג'ו",
                    "season": "1",
                    "episode": 5,
                    "description": "ההופעות של הדורז מתבטלות בזו אחר זו, תחנות רדיו מחרימות את הלהקה ובית הסוהר מרחף מעל ראשו של ג'ים מוריסון. למרות כל הצרות, באולפן הדורז חוזרים לשורשים ומוכיחים לכולם שהם עדיין אחת הלהקות הכי טובות בעולם. מוריסון עובר לפריז כדי להתחיל מחדש וכותב את הפרק האחרון במיתוס שהוא יצר",
                    "thumbnail": "https://www.kan.org.il/media/aqxjf3nt/cat24219_img950412416.jpg",
                    "episodeLink": "https://www.kan.org.il/content/kan/podcasts/kan88/מוריסון/24761/",
                    "released": "2021-08-31T00:00:00.000Z"
                },
                {
                    "id": "il_kan_kan88_1007:1:4",
                    "name": "מוריסון | פרק 4 - ג'ימבו",
                    "season": "1",
                    "episode": 4,
                    "description": "בסופה של 1967 הדורז היא אחת הלהקות החמות בארצות הברית וג'ים מוריסון מתחיל לאבד שליטה. הרגלי השתיה שלו מחריפים, הוא מתרחק מחברי הלהקה והופך להיות הרוקסטאר הראשון שנעצר על הבמה. גם הקהל שמגיע להופעות של הדורז פחות מתעניין במוזיקה ויותר במופע הפרוע והלא צפוי שמוריסון מספק להם – עם התובנה הזו מוריסון הולך צעד אחד רחוק מדי בהופעה אחת שעתידה לחרוץ את גורל הלהקה",
                    "thumbnail": "https://www.kan.org.il/media/d3akrt5e/cat24218_img926868103.jpg",
                    "episodeLink": "https://www.kan.org.il/content/kan/podcasts/kan88/מוריסון/24548/",
                    "released": "2021-08-29T00:00:00.000Z"
                },
                {
                    "id": "il_kan_kan88_1007:1:3",
                    "name": "מוריסון | פרק 3 - הדלתות נפתחות",
                    "season": "1",
                    "episode": 3,
                    "description": "עם קילומטראז' מכובד של הופעות והמון שירים חדשים, חברי הדורז סוף סוף נכנסים לאולפן להקליט אלבום בכורה פורץ דרך. הסינגל Light My Fire כובש את המקום הראשון במצעדים ותוך שמונה חודשים הם כבר משחררים אלבום שני. ב-1967 הדורז היא אחת הלהקות החמות בארצות הברית – רגע לפני שההצלחה המהירה והפתאומית תתחיל לחנוק את ג'ים מוריסון",
                    "thumbnail": "https://www.kan.org.il/media/is3nnwn0/cat24173_img381425733.jpg",
                    "episodeLink": "https://www.kan.org.il/content/kan/podcasts/kan88/מוריסון/24202/",
                    "released": "2021-08-19T00:00:00.000Z"
                },
                {
                    "id": "il_kan_kan88_1007:1:2",
                    "name": "מוריסון | פרק 2 - אדיפוס",
                    "season": "1",
                    "episode": 2,
                    "description": "בחדר חזרות עם נוף לאוקיינוס, חברי הדורז מתגבשים כלהקה וכותבים את כמה מהשירים הגדולים שלהם. אין להם חוזה הקלטות מסודר וכסף זמין אבל יש להם רעב גדול והם מתחילים להופיע במועדון קטן בלוס אנג'לס, לעיתים בפני קהלים של 10 אנשים ופחות. ג'ים מוריסון המבויש שר עם הגב לקהל ומתחיל לבנות את הפרסונה הפרועה והבלתי צפויה על הבמה. הופעה אחת שנויה במחלוקת באחד המועדונים החשובים בעיר מציתה את המיתולוגיה של מוריסון",
                    "thumbnail": "https://www.kan.org.il/media/ct5lvtbe/cat24113_img246341698.jpg",
                    "episodeLink": "https://www.kan.org.il/content/kan/podcasts/kan88/מוריסון/24054/",
                    "released": "2021-08-11T00:00:00.000Z"
                },
                {
                    "id": "il_kan_kan88_1007:1:1",
                    "name": "מוריסון | פרק 1 - דיבוק",
                    "season": "1",
                    "episode": 1,
                    "description": "אחרי שנים של נדודים מעיר לעיר בעקבות הקריירה הצבאית של אביו ואחרי מעצר אחד, ג'ים מוריסון נרשם ללימודי קולנוע בלוס אנג'לס. הוא מבין במהרה שהתשוקה האמיתית שלו היא להיות משורר ומתחיל לאמץ אורח חיים פרוע ולכתוב את הטיוטות הראשונות של שיריו הגדולים. מפגש אחד על חוף הים עם המוזיקאי ריי מנזרק משנה את העתיד של שניהם ומוביל להקמה של אחת הלהקות הגדולות בהיסטוריה",
                    "thumbnail": "https://www.kan.org.il/media/wmckkccm/cat24023_img983653322.jpg",
                    "episodeLink": "https://www.kan.org.il/content/kan/podcasts/kan88/מוריסון/23735/",
                    "released": "2021-08-05T00:00:00.000Z"
                }
            ]
        }
    },
    "il_kan_kan88_1008": {
        "id": "il_kan_kan88_1008",
        "name": "Joni Mitchell",
        "link": "https://www.kan.org.il/content/kan/podcasts/kan88/גוני-האלבום-הכחול/",
        "type": "series",
        "subtype": "8",
        "meta": {
            "id": "il_kan_kan88_1008",
            "type": "series",
            "name": "Joni Mitchell",
            "link": "https://www.kan.org.il/content/kan/podcasts/kan88/גוני-האלבום-הכחול/",
            "background": "https://www.kan.org.il/media/x03ki3dg/rss_kan88.jpg",
            "poster": "https://www.kan.org.il/media/x03ki3dg/rss_kan88.jpg",
            "posterShape": "poster",
            "logo": "https://www.kan.org.il/media/x03ki3dg/rss_kan88.jpg",
            "description": "חמושה במכחול וביוקליילי, ג'וני מיטשל עברה דרך ארוכה מהפרברים של קנדה עד שהפכה לאחת היוצרות החשובות של המאה העשרים. 50 שנה ליצירת המופת Blue. עם נוגה קליין",
            "genres": [
                "music",
                "מוסיקה"
            ],
            "videos": [
                {
                    "id": "il_kan_kan88_1008:1:4",
                    "name": "ג'וני האלבום הכחול | פרק 4 - שירים הם קעקועים",
                    "season": "1",
                    "episode": 4,
                    "description": "בצל ההצלחות הגדולות שלה בסוף שנות ה-60, הסדק הפנימי של ג'וני מיטשל הולך ומתרחב. היא מנסה לברוח ממנו אבל ברגע שהיא מחליטה לצלול לעומקו של הסדק, ולהתמודד עם כל חוויות העבר שנדחקו הצידה, הדרך לשם מובילה ליצירת אחד האלבומים החשובים בהיסטוריה",
                    "thumbnail": "https://www.kan.org.il/media/ypyoqwni/cat23904_img130162672.jpg",
                    "episodeLink": "https://www.kan.org.il/content/kan/podcasts/kan88/גוני-האלבום-הכחול/24845/",
                    "released": "2021-07-22T00:00:00.000Z"
                },
                {
                    "id": "il_kan_kan88_1008:1:3",
                    "name": "ג'וני - האלבום הכחול | פרק 3 - קליפורניה",
                    "season": "1",
                    "episode": 3,
                    "description": "משוחררת מכבלי העבר, ג'וני מיטשל נמצאת בנקודת הזינוק של הקריירה שלה. המפגש המקרי עם דיוויד קרוסבי מוביל את הדרך לשלושת האלבומים הראשונים, שבהם היא לומדת איך להמיר את העצמאות המוחלטת שיש לה על הבמה – גם לתוך האולפן. הפריחה האמיתית שלה מגיעה כשהיא מגלה את סצנת המוזיקה של לורל קניון, קליפורניה, ומשם הדרך להופעה בקרנגי הול קצרה",
                    "thumbnail": "https://www.kan.org.il/media/i4cpyowp/cat23837_img421225333.jpg",
                    "episodeLink": "https://www.kan.org.il/content/kan/podcasts/kan88/גוני-האלבום-הכחול/25143/",
                    "released": "2021-07-15T00:00:00.000Z"
                },
                {
                    "id": "il_kan_kan88_1008:1:2",
                    "name": "ג'וני - האלבום הכחול | פרק 2 - לידה מחדש",
                    "season": "1",
                    "episode": 2,
                    "description": "ביציאה מחדר הלידה בטורונטו, ג'וני בת ה-21 עומדת מול צומת. היא צריכה לסדר לעצמה את החיים מחדש ולהבין אם לבת שלה יש מקום בתמונה הזו. סדרת הבחירות שעומדת לפניה, קשות ככל שיהיו, מעצבת גם את העתיד המוזיקלי שלה. מתוך המצוקות והמפגשים בדרך, ג'וני צומחת, עד לנקודת הפריצה",
                    "thumbnail": "https://www.kan.org.il/media/x03ki3dg/rss_kan88.jpg",
                    "episodeLink": "https://www.kan.org.il/content/kan/podcasts/kan88/גוני-האלבום-הכחול/25392/",
                    "released": "2021-07-08T00:00:00.000Z"
                },
                {
                    "id": "il_kan_kan88_1008:1:1",
                    "name": "ג'וני - האלבום הכחול | פרק 1 – לצייר במילים",
                    "season": "1",
                    "episode": 1,
                    "description": "כבר בילדות בפרברי קנדה ג'וני אנדרסון חלמה על עולמות רחוקים. מכשולים לא היו חסרים בדרך: מהורים שמרנים שלא הבינו את הבת החולמנית שלהם, דרך בית הספר שחסם את היצירתיות שלה, ומעל לכל ההתמודדות עם מגפת הפוליו שהעמידה את כל החלומות שלה בסימן שאלה. למרות כל אלה, חמושה במכחול וביוקליילי – ג'וני מיטשל עשתה את צעדיה הראשונים בדרכה להפוך לאחת היוצרות החשובות של המאה ה-20. ואז מגיעה הטראומה שתשנה את חייה",
                    "thumbnail": "https://www.kan.org.il/media/wobcxi5i/cat23670_img578976465.jpg",
                    "episodeLink": "https://www.kan.org.il/content/kan/podcasts/kan88/גוני-האלבום-הכחול/25541/",
                    "released": "2021-06-30T00:00:00.000Z"
                }
            ]
        }
    },
    "il_kan_kan88_1009": {
        "id": "il_kan_kan88_1009",
        "name": "Marvin Gaye",
        "link": "https://www.kan.org.il/content/kan/podcasts/kan88/מרווין/",
        "type": "series",
        "subtype": "8",
        "meta": {
            "id": "il_kan_kan88_1009",
            "type": "series",
            "name": "Marvin Gaye",
            "link": "https://www.kan.org.il/content/kan/podcasts/kan88/מרווין/",
            "background": "https://www.kan.org.il/media/u50bubhr/rss_kan88_2.jpg",
            "poster": "https://www.kan.org.il/media/u50bubhr/rss_kan88_2.jpg",
            "posterShape": "poster",
            "logo": "https://www.kan.org.il/media/u50bubhr/rss_kan88_2.jpg",
            "description": "יכול להיות שהמוזיקה של מרווין גיי רלוונטית לחיים שלנו היום יותר מאשר הביטלס? 50 שנה ל-What’s Going On יצירת המופת של מרווין גיי. עם גיל מטוס ותומר מולוידזון",
            "genres": [
                "music",
                "מוסיקה"
            ],
            "videos": [
                {
                    "id": "il_kan_kan88_1009:1:2",
                    "name": "מרווין | פרק 2: \"אלוהים כותב את האלבום הזה\"",
                    "season": "1",
                    "episode": 2,
                    "description": "אחרי עשור בפס הייצור של מוטאון, בתחילת שנות השבעים מרווין גיי מחליט לצעוד בדרך שלו. הוא מעמיד אולטימטום לחברת התקליטים ומוכיח שהוא צדק - What’s Going On הופך לאלבום הגדול ביותר ופורץ הדרך שלו. הפרק השני והאחרון חוזר אל השיא היצירתי של מרווין והנפילה שמגיעה אחריו",
                    "thumbnail": "https://www.kan.org.il/media/losojj34/cat22192_img689282579.jpg",
                    "episodeLink": "https://www.kan.org.il/content/kan/podcasts/kan88/מרווין/25787/",
                    "released": "2021-05-27T00:00:00.000Z"
                },
                {
                    "id": "il_kan_kan88_1009:1:1",
                    "name": "מרווין | פרק 1: כל הדרכים מובילות למוטאון",
                    "season": "1",
                    "episode": 1,
                    "description": "מרווין גיי מוחתם במוטאון, אחת מחברות התקליטים החשובות בהיסטוריה. הוא הופך לאחד האמנים המצליחים של החברה, אך גם מסרב לשחק את המשחק ומחפש את האמת האמנותית שלו. \r\nהפרק הראשון חוזר אל הילדות הקשה של מרווין ואל שנות השישים – העשור שקדם ל-What’s Going On",
                    "thumbnail": "https://www.kan.org.il/media/fpxpz1fc/cat22121_img254686612.jpg",
                    "episodeLink": "https://www.kan.org.il/content/kan/podcasts/kan88/מרווין/25970/",
                    "released": "2021-05-20T00:00:00.000Z"
                }
            ]
        }
    },
    "il_kan_kan88_1010": {
        "id": "il_kan_kan88_1010",
        "name": "John Lennon",
        "link": "https://www.kan.org.il/content/kan/podcasts/kan88/לנון-העשור-האחרון/",
        "type": "series",
        "subtype": "8",
        "meta": {
            "id": "il_kan_kan88_1010",
            "type": "series",
            "name": "John Lennon",
            "link": "https://www.kan.org.il/content/kan/podcasts/kan88/לנון-העשור-האחרון/",
            "background": "https://www.kan.org.il/media/iv5cg1pn/rss_kan88.jpg",
            "poster": "https://www.kan.org.il/media/iv5cg1pn/rss_kan88.jpg",
            "posterShape": "poster",
            "logo": "https://www.kan.org.il/media/iv5cg1pn/rss_kan88.jpg",
            "description": "כשהביטלס התפרקו, ג'ון לנון היה כבר במקום אחר: פוליטיקה, סמים, שערוריות, יוקו אונו אחת והרבה שירים מצוינים. לציון 40 שנה למותו חזרנו לעשור האחרון והדרמטי בחייה של אגדת מוזיקה. עם רוני ורטהיימר",
            "genres": [
                "music",
                "מוסיקה"
            ],
            "videos": [
                {
                    "id": "il_kan_kan88_1010:1:4",
                    "name": "לנון | פרק 4: להתחיל מחדש",
                    "season": "1",
                    "episode": 4,
                    "description": "אחרי סוף השבוע האבוד ואחרי שנים של מחאות, סמים ורוקנרול ג'ון חוזר ביתה ליוקו ולשון. חמש השנים הטובות מתחילות. ונקטעות באופן טראגי",
                    "thumbnail": "https://www.kan.org.il/media/fvqbg2ut/cat20902_img168128159.jpg",
                    "episodeLink": "https://www.kan.org.il/content/kan/podcasts/kan88/לנון-העשור-האחרון/26172/",
                    "released": "2020-12-27T00:00:00.000Z"
                },
                {
                    "id": "il_kan_kan88_1010:1:3",
                    "name": "לנון | פרק 3: סוף השבוע האבוד",
                    "season": "1",
                    "episode": 3,
                    "description": "אחרי פרידה מיוקו יוצא ג'ון לשנה וחצי של הוללות וסשנים מוזיקליים מופרעים. בדרך הוא פוגש את אלטון ג'ון ודיוויד בואי ומשלים עם חבר ותיק",
                    "thumbnail": "https://www.kan.org.il/media/dl1npd1c/cat19701_img570574784.jpg",
                    "episodeLink": "https://www.kan.org.il/content/kan/podcasts/kan88/לנון-העשור-האחרון/26564/",
                    "released": "2020-12-20T00:00:00.000Z"
                },
                {
                    "id": "il_kan_kan88_1010:1:2",
                    "name": "לנון | פרק 2: דמיין",
                    "season": "1",
                    "episode": 2,
                    "description": "בתחילת הסבנטיז ג'ון מתמודד עם שדים מהילדות, עם המיתוס של הביטלס ועם מות החלום ההיפי. בדרך יצאו לו כמה מהשירים הטובים ביותר שאי פעם כתב",
                    "thumbnail": "https://www.kan.org.il/media/sjflzrko/cat19495_img451249743.jpg",
                    "episodeLink": "https://www.kan.org.il/content/kan/podcasts/kan88/לנון-העשור-האחרון/26799/",
                    "released": "2020-12-13T00:00:00.000Z"
                },
                {
                    "id": "il_kan_kan88_1010:1:1",
                    "name": "לנון | פרק 1: הבלדה על ג'ון ויוקו",
                    "season": "1",
                    "episode": 1,
                    "description": "כשהביטלס התפרקו ב-1970 לג'ון לנון כבר לא היה אכפת. עם אשתו החדשה יוקו אונו, שהפכה גם לשותפה מוזיקלית לרעיונותיו המופרעים, השניים הרגישו בלתי מנוצחים",
                    "thumbnail": "https://www.kan.org.il/media/rlspkrke/cat19312_img56016319.jpg",
                    "episodeLink": "https://www.kan.org.il/content/kan/podcasts/kan88/לנון-העשור-האחרון/26960/",
                    "released": "2020-12-06T00:00:00.000Z"
                }
            ]
        }
    },
    "il_kan_kan88_29065": {
        "id": "il_kan_kan88_29065",
        "name": "",
        "link": "https://www.kan.org.il/content/kan/podcasts/kan88/29065/",
        "type": "series",
        "subtype": "8",
        "meta": {
            "id": "il_kan_kan88_29065",
            "type": "series",
            "name": "",
            "link": "https://www.kan.org.il/content/kan/podcasts/kan88/29065/",
            "background": "https://www.kan.org.il/media/yzshyk3n/cat19061_img741239485.jpg",
            "poster": "https://www.kan.org.il/media/yzshyk3n/cat19061_img741239485.jpg",
            "posterShape": "poster",
            "logo": "https://www.kan.org.il/media/yzshyk3n/cat19061_img741239485.jpg",
            "description": "כיצד השפיעה המלחמה על הרדיו והמוזיקה של תחילת שנות ה-70, ואיך הם השפיעו על המורל בימי המלחמה. תכנית מיוחדת הכוללת ראיונות של אנשי רדיו וקטעי ארכיון נדירים",
            "genres": [
                "music",
                "מוסיקה"
            ],
            "videos": []
        }
    },
    "il_kan_kan88_1011": {
        "id": "il_kan_kan88_1011",
        "name": "Hendrix",
        "link": "https://www.kan.org.il/content/kan/podcasts/kan88/הנדריקס/",
        "type": "series",
        "subtype": "8",
        "meta": {
            "id": "il_kan_kan88_1011",
            "type": "series",
            "name": "Hendrix",
            "link": "https://www.kan.org.il/content/kan/podcasts/kan88/הנדריקס/",
            "background": "https://www.kan.org.il/media/iuflu2fm/rss_kan88_1.jpg",
            "poster": "https://www.kan.org.il/media/iuflu2fm/rss_kan88_1.jpg",
            "posterShape": "poster",
            "logo": "https://www.kan.org.il/media/iuflu2fm/rss_kan88_1.jpg",
            "description": "50 שנה למותו של אגדת הגיטרה - ג'ימי הנדריקס. עם תומר מולוידזון וגיל מטוס",
            "genres": [
                "music",
                "מוסיקה"
            ],
            "videos": [
                {
                    "id": "il_kan_kan88_1011:1:5",
                    "name": "הנדריקס | פרק 5: חי היום",
                    "season": "1",
                    "episode": 5,
                    "description": "הפרק האחרון במיני סדרה על ג'ימי הנדריקס במלאת 50 שנה למותו. עם תומר מולוידזון וגיל מטוס",
                    "thumbnail": "https://www.kan.org.il/media/qvhgqv3d/cat18981_img847152159.jpg",
                    "episodeLink": "https://www.kan.org.il/content/kan/podcasts/kan88/הנדריקס/27853/",
                    "released": "2020-10-21T00:00:00.000Z"
                },
                {
                    "id": "il_kan_kan88_1011:1:4",
                    "name": "הנדריקס | פרק 4: חדר מלא במראות",
                    "season": "1",
                    "episode": 4,
                    "description": "הפרק הרביעי במיני סדרה על ג'ימי הנדריקס במלאת 50 שנה למותו. עם תומר מולוידזון וגיל מטוס",
                    "thumbnail": "https://www.kan.org.il/media/2nag0qtp/cat18760_img713812467.jpg",
                    "episodeLink": "https://www.kan.org.il/content/kan/podcasts/kan88/הנדריקס/27692/",
                    "released": "2020-10-14T00:00:00.000Z"
                },
                {
                    "id": "il_kan_kan88_1011:1:3",
                    "name": "הנדריקס | פרק 3: היי ג'ו",
                    "season": "1",
                    "episode": 3,
                    "description": "הפרק השלישי במיני סדרה על ג'ימי הנדריקס במלאת 50 שנה למותו. עם תומר מולוידזון וגיל מטוס",
                    "thumbnail": "https://www.kan.org.il/media/0fuk4vto/cat18709_img63433086.jpg",
                    "episodeLink": "https://www.kan.org.il/content/kan/podcasts/kan88/הנדריקס/27504/",
                    "released": "2020-10-07T00:00:00.000Z"
                },
                {
                    "id": "il_kan_kan88_1011:1:2",
                    "name": "הנדריקס | פרק 2: האם אתה מנוסה?",
                    "season": "1",
                    "episode": 2,
                    "description": "הפרק השני במיני סדרה על ג'ימי הנדריקס במלאת 50 שנה למותו. עם תומר מולוידזון וגיל מטוס",
                    "thumbnail": "https://www.kan.org.il/media/4kqozvpn/cat18577_img775676834.jpg",
                    "episodeLink": "https://www.kan.org.il/content/kan/podcasts/kan88/הנדריקס/27341/",
                    "released": "2020-09-30T00:00:00.000Z"
                },
                {
                    "id": "il_kan_kan88_1011:1:1",
                    "name": "הנדריקס | פרק 1: ארמונות בחול",
                    "season": "1",
                    "episode": 1,
                    "description": "הפרק הראשון במיני סדרה על ג'ימי הנדריקס במלאת 50 שנה למותו. עם תומר מולוידזון וגיל מטוס",
                    "thumbnail": "https://www.kan.org.il/media/hwlmge0o/cat18483_img841442120.jpg",
                    "episodeLink": "https://www.kan.org.il/content/kan/podcasts/kan88/הנדריקס/27157/",
                    "released": "2020-09-23T00:00:00.000Z"
                }
            ]
        }
    },
    "il_kan_kan88_1012": {
        "id": "il_kan_kan88_1012",
        "name": "הדרך לוודסטוק",
        "link": "https://www.kan.org.il/content/kan/podcasts/kan88/הדרך-לוודסטוק/",
        "type": "series",
        "subtype": "8",
        "meta": {
            "id": "il_kan_kan88_1012",
            "type": "series",
            "name": "הדרך לוודסטוק",
            "link": "https://www.kan.org.il/content/kan/podcasts/kan88/הדרך-לוודסטוק/",
            "background": "https://www.kan.org.il/media/yvderoas/logo.jpg",
            "poster": "https://www.kan.org.il/media/yvderoas/logo.jpg",
            "posterShape": "poster",
            "logo": "https://www.kan.org.il/media/yvderoas/logo.jpg",
            "description": "סיפורו של הפסטיבל שהפך למיתוס ולסמל של שנות השישים ושל תרבות הנגד. על התהליכים שהובילו אליו, האנשים שיזמו וארגנו אותו כנגד כל הסיכויים והמוזיקאים שלקחו חלק באירוע ההיסטורי. עם תומר מולוידזון וגיל מטוס",
            "genres": [
                "music",
                "מוסיקה"
            ],
            "videos": [
                {
                    "id": "il_kan_kan88_1012:1:6",
                    "name": "הדרך לוודסטוק | פרק 4: כשהמוזיקה נגמרת",
                    "season": "1",
                    "episode": 6,
                    "description": "אחרי יום גשום במיוחד פסטיבל וודסטוק מסתיים וגם שנות השישים. פרק הסיום של סדרת ההסכתים על היום האחרון והיום שאחרי",
                    "thumbnail": "https://www.kan.org.il/media/a5cbhccx/cat14069_img449570495.jpeg",
                    "episodeLink": "https://www.kan.org.il/content/kan/podcasts/kan88/הדרך-לוודסטוק/28671/",
                    "released": "2019-08-27T00:00:00.000Z"
                },
                {
                    "id": "il_kan_kan88_1012:1:5",
                    "name": "הדרך לוודסטוק | פרק 3: נרות בגשם",
                    "season": "1",
                    "episode": 5,
                    "description": "ג׳ואן באאז ריגשה, הגרייטפול דד התחשמלו, סנטנה הקימו את כולם לרקוד ו-The Who איימו במכות. פסטיבל וודסטוק יוצא לדרך והאגדה מתחילה להירקם",
                    "thumbnail": "https://www.kan.org.il/media/wkgf13nd/cat14059_img936047467.jpeg",
                    "episodeLink": "https://www.kan.org.il/content/kan/podcasts/kan88/הדרך-לוודסטוק/28565/",
                    "released": "2019-08-20T00:00:00.000Z"
                },
                {
                    "id": "il_kan_kan88_1012:1:4",
                    "name": "בחזרה לוודסטוק: חגיגה מוזיקלית באולפן",
                    "season": "1",
                    "episode": 4,
                    "description": "לסיום חגיגות היובל הזמנו לאולפן את מיטב המוזיקאים והמוזיקאיות המקומיים לשלוש שעות של ג'אם באולפן שכוללות יצירה מקורית לצד ביצועי מחווה לאמני פסטיבל",
                    "thumbnail": "https://www.kan.org.il/media/h0wdbrhf/cat14117_img571950232.jpeg",
                    "episodeLink": "https://www.kan.org.il/content/kan/podcasts/kan88/הדרך-לוודסטוק/28918/",
                    "released": "2019-08-18T00:00:00.000Z"
                },
                {
                    "id": "il_kan_kan88_1012:1:3",
                    "name": "הדרך לוודסטוק | פרק 2: נוסעים לכפר",
                    "season": "1",
                    "episode": 3,
                    "description": "כמה תאי שירותים צריך לפסטיבל? וכמה שוטרים? הסיפור של מייקל לאנג - הפנים של וודסטוק, הדרך שלו לפסטיבל, הקשיים הרבים שעמדו בפניו, וההתנגדות לקיומו עד הרגע האחרון",
                    "thumbnail": "https://www.kan.org.il/media/0r5n5dfo/cat14011_img604524374.jpeg",
                    "episodeLink": "https://www.kan.org.il/content/kan/podcasts/kan88/הדרך-לוודסטוק/28341/",
                    "released": "2019-08-13T00:00:00.000Z"
                },
                {
                    "id": "il_kan_kan88_1012:1:2",
                    "name": "פרולוג: שלושה ימים שעשו היסטוריה",
                    "season": "1",
                    "episode": 2,
                    "description": "לכבוד 50 שנה לפסטיבל המוזיקה שהיה לסמל של שנות ה-60, גיל מטוס ותומר מולוידזון בסדרת הסכתים מיוחדת. הנה טעימה קטנה לפני שצוללים לעומק",
                    "thumbnail": "https://www.kan.org.il/media/4x4icqsz/cat13949_img258339587.jpg",
                    "episodeLink": "https://www.kan.org.il/content/kan/podcasts/kan88/הדרך-לוודסטוק/28003/",
                    "released": "2019-08-06T00:00:00.000Z"
                },
                {
                    "id": "il_kan_kan88_1012:1:1",
                    "name": "הדרך לוודסטוק | פרק 1: בייבי, בום!",
                    "season": "1",
                    "episode": 1,
                    "description": "שנות השישים הביאו עמם תהליכים היסטוריים רבים: ממהפכת הרוקנ'רול, דרך התנועה לזכויות האזרח, ועד למלחמת וייטנאם והתנועה הפסיכדלית. אלו האירועים שסללו את הדרך לפסטיבל",
                    "thumbnail": "https://www.kan.org.il/media/wn2frxtv/cat13950_img373469578.jpeg",
                    "episodeLink": "https://www.kan.org.il/content/kan/podcasts/kan88/הדרך-לוודסטוק/28242/",
                    "released": "2019-08-06T00:00:00.000Z"
                }
            ]
        }
    }
}